	title	train accuracy	train accuracy	test accuracy	test accuracy
		mean	std	mean	std
0	base	0.49392	0.282323821772695	0.49785	0.27388773611096945
1	combined prompt	0.96872	0.03033284822896919	0.97	0.0
2	random	0.94872	0.06888182856389852	0.9465399999999999	0.060756231941420845
