	title	train accuracy	train accuracy	test accuracy	test accuracy
		mean	std	mean	std
0	base	0.028900000000000002	0.034146097228760365	0.030275	0.00853652430719009
1	combined prompt	0.89455	0.05963517295903362	0.8899	0.015775419609755672
2	random	0.804875	0.10036057054002394	0.804875	0.10036057054002394
