	title	train accuracy	train accuracy	test accuracy	test accuracy
		mean	std	mean	std
0	base	0.029416666666666667	0.014303374810701836	0.030875	0.02145506221605275
1	combined prompt	0.8901333333333333	0.02549442137167721	0.8900750000000001	0.037994248748171644
2	random	0.803375	0.12385808492060663	0.803375	0.12385808492060663
