	title	train accuracy	train accuracy	test accuracy	test accuracy
		mean	std	mean	std
0	base	0.02965	0.008927889291831926	0.031400000000000004	0.0357115571673277
1	combined prompt	0.890225	0.015871003867549256	0.893	0.060204855490438844
2	random	0.803	0.12689405857683841	0.803	0.12689405857683841
