	title	train accuracy	train accuracy	test accuracy	test accuracy
		mean	std	mean	std
0	base	0.48960000000000004	0.33069805140218345	0.49785	0.27388773611096945
1	combined prompt	0.9738	0.06984581904765977	0.9705199999999999	0.0022213812222431576
2	random	0.9524	0.10874771752117865	0.9465399999999999	0.060756231941420845
