	title	train accuracy	train accuracy	test accuracy	test accuracy
		mean	std	mean	std
0	base	0.029825000000000004	0.021916311270368898	0.030116666666666667	0.014610874180245948
1	combined prompt	0.89	0.039879071457850454	0.8902166666666667	0.026775880585229065
2	random	0.7985666666666668	0.11555021836446344	0.7985666666666668	0.11555021836446344
