	title	train accuracy	train accuracy	test accuracy	test accuracy
		mean	std	mean	std
0	base	0.49639999999999995	0.30298323194335197	0.49785	0.27388773611096945
1	combined prompt	0.9708	0.05244149225670558	0.97005	0.0007056897321046874
2	random	0.9511000000000001	0.08981568268880916	0.9465399999999999	0.060756231941420845
