	title	train accuracy	train accuracy	test accuracy	test accuracy
		mean	std	mean	std
0	combined prompt	0.5634	0.22277807358461016	0.5582999999999999	0.058107542423393624
