	title	train accuracy	train accuracy	test accuracy	test accuracy
		mean	std	mean	std
0	base	0.15936	0.06382839857355392	0.16	0.0
1	combined prompt	0.5787599999999999	0.09128633849375055	0.5798199999999999	0.0018897542621121768
2	random	0.56499	0.04700648369650201	0.56499	0.04700648369650201
