	title	train accuracy	train accuracy	test accuracy	test accuracy
		mean	std	mean	std
0	base	0.16040000000000001	0.1134226816148547	0.16	0.0
1	combined prompt	0.5757000000000001	0.15350268099636905	0.57838	0.00545943269996118
2	random	0.56499	0.04700648369650201	0.56499	0.04700648369650201
