	title	train accuracy	train accuracy	test accuracy	test accuracy
		mean	std	mean	std
0	base	0.16097999999999998	0.0361544844624667	0.16	0.0
1	combined prompt	0.58162	0.0476407939191324	0.58	0.0
2	random	0.56499	0.04700648369650201	0.56499	0.04700648369650201
