	title	train accuracy	train accuracy	test accuracy	test accuracy
		mean	std	mean	std
0	combined prompt	0.409	0.215233188252475	0.40882999999999997	0.012283402703729204
