	title	train accuracy	train accuracy	test accuracy	test accuracy
		mean	std	mean	std
0	base	0.1872	0.17118839173689754	0.19	0.0
1	combined prompt	0.5468	0.20477229229486021	0.52988	0.0026819382529791463
2	random	0.5151700000000001	0.03948582315502904	0.5151700000000001	0.03948582315502904
