	title	train accuracy	train accuracy	test accuracy	test accuracy
		mean	std	mean	std
0	base	0.18580000000000002	0.11811990650314745	0.19	0.0
1	combined prompt	0.5293	0.14701402355939772	0.53	0.0
2	random	0.5151700000000001	0.03948582315502904	0.5151700000000001	0.03948582315502904
